{
  "kind": "youtube#video",
  "etag": "\"kiOs9cZLH2FUp6r6KJ8eyq_LIOk/qLiA6CV6yQnj-JEEMtCcFgaGj70\"",
  "id": "XGM6sHIJuho",
  "snippet": {
    "publishedAt": "2016-04-20T23:15:17.000Z",
    "channelId": "UCehf4850q1L3ng7s7L54ATA",
    "title": "This should have a really useful title",
    "description": "This should have a really useful description.  However lots of youtubers put links and other promotional material.",
    "thumbnails": {
      "default": {
        "url": "https://i.ytimg.com/vi/XGM6sHIJuho/default.jpg",
        "width": 120,
        "height": 90
      },
      "medium": {
        "url": "https://i.ytimg.com/vi/XGM6sHIJuho/mqdefault.jpg",
        "width": 320,
        "height": 180
      },
      "high": {
        "url": "https://i.ytimg.com/vi/XGM6sHIJuho/hqdefault.jpg",
        "width": 480,
        "height": 360
      }
    },
    "channelTitle": "Joe Bloggs",
    "categoryId": "25",
    "liveBroadcastContent": "none",
    "localized": {
      "title": "This should have a really useful title",
      "description": "This should have a really useful description.  However lots of youtubers put links and other promotional material."
    }
  },
  "statistics": {
    "viewCount": "14180950",
    "likeCount": "28740",
    "dislikeCount": "4499",
    "favoriteCount": "0",
    "commentCount": "11754"
  }
}